m-W4A8-B-s0	--model yolov8m-world.pt --w-bits 4 --a-bits 8 --conditions naive,brecq --seed 0
m-W4A8-PM-s0	--model yolov8m-world.pt --w-bits 4 --a-bits 8 --conditions brecq+PM --seed 0
m-W4A8-GPM-s0	--model yolov8m-world.pt --w-bits 4 --a-bits 8 --conditions brecq+GPM --seed 0
m-W4A8-P-s0	--model yolov8m-world.pt --w-bits 4 --a-bits 8 --conditions brecq+P --seed 0
m-W4A5-B-s0	--model yolov8m-world.pt --w-bits 4 --a-bits 5 --conditions naive,brecq --seed 0
m-W4A5-PM-s0	--model yolov8m-world.pt --w-bits 4 --a-bits 5 --conditions brecq+PM --seed 0
m-W4A5-GPM-s0	--model yolov8m-world.pt --w-bits 4 --a-bits 5 --conditions brecq+GPM --seed 0
m-W4A5-P-s0	--model yolov8m-world.pt --w-bits 4 --a-bits 5 --conditions brecq+P --seed 0
m-W4A8-B-s1	--model yolov8m-world.pt --w-bits 4 --a-bits 8 --conditions naive,brecq --seed 1
m-W4A8-PM-s1	--model yolov8m-world.pt --w-bits 4 --a-bits 8 --conditions brecq+PM --seed 1
m-W4A8-GPM-s1	--model yolov8m-world.pt --w-bits 4 --a-bits 8 --conditions brecq+GPM --seed 1
m-W4A8-P-s1	--model yolov8m-world.pt --w-bits 4 --a-bits 8 --conditions brecq+P --seed 1
m-W4A5-B-s1	--model yolov8m-world.pt --w-bits 4 --a-bits 5 --conditions naive,brecq --seed 1
m-W4A5-PM-s1	--model yolov8m-world.pt --w-bits 4 --a-bits 5 --conditions brecq+PM --seed 1
m-W4A5-GPM-s1	--model yolov8m-world.pt --w-bits 4 --a-bits 5 --conditions brecq+GPM --seed 1
m-W4A5-P-s1	--model yolov8m-world.pt --w-bits 4 --a-bits 5 --conditions brecq+P --seed 1
m-W4A8-G-s0	--model yolov8m-world.pt --w-bits 4 --a-bits 8 --conditions brecq+G --seed 0
m-W4A8-GP-s0	--model yolov8m-world.pt --w-bits 4 --a-bits 8 --conditions brecq+GP --seed 0
m-W4A5-G-s0	--model yolov8m-world.pt --w-bits 4 --a-bits 5 --conditions brecq+G --seed 0
m-W4A5-GP-s0	--model yolov8m-world.pt --w-bits 4 --a-bits 5 --conditions brecq+GP --seed 0
m-W4A8-G-s1	--model yolov8m-world.pt --w-bits 4 --a-bits 8 --conditions brecq+G --seed 1
m-W4A8-GP-s1	--model yolov8m-world.pt --w-bits 4 --a-bits 8 --conditions brecq+GP --seed 1
m-W4A5-G-s1	--model yolov8m-world.pt --w-bits 4 --a-bits 5 --conditions brecq+G --seed 1
m-W4A5-GP-s1	--model yolov8m-world.pt --w-bits 4 --a-bits 5 --conditions brecq+GP --seed 1
s-W4A8-all-s0	--model yolov8s-world.pt --w-bits 4 --a-bits 8 --conditions naive,brecq,brecq+PM,brecq+GPM --seed 0
s-W4A5-all-s0	--model yolov8s-world.pt --w-bits 4 --a-bits 5 --conditions naive,brecq,brecq+PM,brecq+GPM --seed 0
s-W4A8-all-s1	--model yolov8s-world.pt --w-bits 4 --a-bits 8 --conditions naive,brecq,brecq+PM,brecq+GPM --seed 1
s-W4A5-all-s1	--model yolov8s-world.pt --w-bits 4 --a-bits 5 --conditions naive,brecq,brecq+PM,brecq+GPM --seed 1
v2-W4A8-all-s0	--model yolov8s-worldv2.pt --w-bits 4 --a-bits 8 --conditions naive,brecq,brecq+PM,brecq+GPM --seed 0
v2-W4A5-all-s0	--model yolov8s-worldv2.pt --w-bits 4 --a-bits 5 --conditions naive,brecq,brecq+PM,brecq+GPM --seed 0
v2-W4A8-all-s1	--model yolov8s-worldv2.pt --w-bits 4 --a-bits 8 --conditions naive,brecq,brecq+PM,brecq+GPM --seed 1
v2-W4A5-all-s1	--model yolov8s-worldv2.pt --w-bits 4 --a-bits 5 --conditions naive,brecq,brecq+PM,brecq+GPM --seed 1
