Q-W4A8-attn-s0	--w-bits 4 --a-bits 8 --conditions naive,brecq,brecq+GPM --attn-quant attn --seed 0
Q-W4A5-attn-s0	--w-bits 4 --a-bits 5 --conditions naive,brecq,brecq+GPM --attn-quant attn --seed 0
Q-W4A8-cls-s0	--w-bits 4 --a-bits 8 --conditions naive,brecq,brecq+GPM --attn-quant attn_cls --seed 0
Q-W4A5-cls-s0	--w-bits 4 --a-bits 5 --conditions naive,brecq,brecq+GPM --attn-quant attn_cls --seed 0
Q-W4A8-attn-s1	--w-bits 4 --a-bits 8 --conditions naive,brecq,brecq+GPM --attn-quant attn --seed 1
Q-W4A5-attn-s1	--w-bits 4 --a-bits 5 --conditions naive,brecq,brecq+GPM --attn-quant attn --seed 1
Q-W4A8-cls-s1	--w-bits 4 --a-bits 8 --conditions naive,brecq,brecq+GPM --attn-quant attn_cls --seed 1
Q-W4A5-cls-s1	--w-bits 4 --a-bits 5 --conditions naive,brecq,brecq+GPM --attn-quant attn_cls --seed 1
P-W4A8-cls-s0	--w-bits 4 --a-bits 8 --conditions brecq+PM --attn-quant attn_cls --seed 0
P-W4A5-cls-s0	--w-bits 4 --a-bits 5 --conditions brecq+PM --attn-quant attn_cls --seed 0
P-W4A8-cls-s1	--w-bits 4 --a-bits 8 --conditions brecq+PM --attn-quant attn_cls --seed 1
P-W4A5-cls-s1	--w-bits 4 --a-bits 5 --conditions brecq+PM --attn-quant attn_cls --seed 1
Q-W4A5-cls-s2	--w-bits 4 --a-bits 5 --conditions naive,brecq,brecq+PM,brecq+GPM --attn-quant attn_cls --seed 2
Q-W4A8-cls-s2	--w-bits 4 --a-bits 8 --conditions naive,brecq,brecq+PM,brecq+GPM --attn-quant attn_cls --seed 2
Q-W4A5-cls-s3	--w-bits 4 --a-bits 5 --conditions naive,brecq,brecq+PM,brecq+GPM --attn-quant attn_cls --seed 3
Q-W4A8-cls-s3	--w-bits 4 --a-bits 8 --conditions naive,brecq,brecq+PM,brecq+GPM --attn-quant attn_cls --seed 3
Q-W4A5-cls-s4	--w-bits 4 --a-bits 5 --conditions naive,brecq,brecq+PM,brecq+GPM --attn-quant attn_cls --seed 4
Q-W4A8-cls-s4	--w-bits 4 --a-bits 8 --conditions naive,brecq,brecq+PM,brecq+GPM --attn-quant attn_cls --seed 4
Q-W4A5-cls-s5	--w-bits 4 --a-bits 5 --conditions naive,brecq,brecq+PM,brecq+GPM --attn-quant attn_cls --seed 5
Q-W4A8-cls-s5	--w-bits 4 --a-bits 8 --conditions naive,brecq,brecq+PM,brecq+GPM --attn-quant attn_cls --seed 5
