W8A8-s0	--model yolov8s-world.pt --w-bits 8 --a-bits 8 --conditions brecq+GPM,qdrop+GPM --seed 0
W4A8-s0	--model yolov8s-world.pt --w-bits 4 --a-bits 8 --conditions qdrop+GPM --seed 0
W4A6-s0	--model yolov8s-world.pt --w-bits 4 --a-bits 6 --conditions qdrop+GPM --seed 0
W4A5-s0	--model yolov8s-world.pt --w-bits 4 --a-bits 5 --conditions qdrop+GPM --seed 0
W8A8-s1	--model yolov8s-world.pt --w-bits 8 --a-bits 8 --conditions brecq+GPM,qdrop+GPM --seed 1
W4A8-s1	--model yolov8s-world.pt --w-bits 4 --a-bits 8 --conditions qdrop+GPM --seed 1
W4A6-s1	--model yolov8s-world.pt --w-bits 4 --a-bits 6 --conditions qdrop+GPM --seed 1
W4A5-s1	--model yolov8s-world.pt --w-bits 4 --a-bits 5 --conditions qdrop+GPM --seed 1
W8A8-s2	--model yolov8s-world.pt --w-bits 8 --a-bits 8 --conditions brecq+GPM,qdrop+GPM --seed 2
W4A8-s2	--model yolov8s-world.pt --w-bits 4 --a-bits 8 --conditions qdrop+GPM --seed 2
W4A6-s2	--model yolov8s-world.pt --w-bits 4 --a-bits 6 --conditions qdrop+GPM --seed 2
W4A5-s2	--model yolov8s-world.pt --w-bits 4 --a-bits 5 --conditions qdrop+GPM --seed 2
W8A8-s3	--model yolov8s-world.pt --w-bits 8 --a-bits 8 --conditions brecq+GPM,qdrop+GPM --seed 3
W4A8-s3	--model yolov8s-world.pt --w-bits 4 --a-bits 8 --conditions qdrop+GPM --seed 3
W4A6-s3	--model yolov8s-world.pt --w-bits 4 --a-bits 6 --conditions qdrop+GPM --seed 3
W4A5-s3	--model yolov8s-world.pt --w-bits 4 --a-bits 5 --conditions qdrop+GPM --seed 3
W8A8-s4	--model yolov8s-world.pt --w-bits 8 --a-bits 8 --conditions brecq+GPM,qdrop+GPM --seed 4
W4A8-s4	--model yolov8s-world.pt --w-bits 4 --a-bits 8 --conditions qdrop+GPM --seed 4
W4A6-s4	--model yolov8s-world.pt --w-bits 4 --a-bits 6 --conditions qdrop+GPM --seed 4
W4A5-s4	--model yolov8s-world.pt --w-bits 4 --a-bits 5 --conditions qdrop+GPM --seed 4
W8A8-s5	--model yolov8s-world.pt --w-bits 8 --a-bits 8 --conditions brecq+GPM,qdrop+GPM --seed 5
W4A8-s5	--model yolov8s-world.pt --w-bits 4 --a-bits 8 --conditions qdrop+GPM --seed 5
W4A6-s5	--model yolov8s-world.pt --w-bits 4 --a-bits 6 --conditions qdrop+GPM --seed 5
W4A5-s5	--model yolov8s-world.pt --w-bits 4 --a-bits 5 --conditions qdrop+GPM --seed 5
