m-W4A8-B-s2	--model yolov8m-world.pt --w-bits 4 --a-bits 8 --conditions naive,brecq --seed 2
m-W4A8-GP-s2	--model yolov8m-world.pt --w-bits 4 --a-bits 8 --conditions brecq+GP --seed 2
v2-W4A8-s2	--model yolov8s-worldv2.pt --w-bits 4 --a-bits 8 --conditions naive,brecq,brecq+GPM,brecq+PM --seed 2
m-W4A5-B-s2	--model yolov8m-world.pt --w-bits 4 --a-bits 5 --conditions naive,brecq --seed 2
m-W4A5-GP-s2	--model yolov8m-world.pt --w-bits 4 --a-bits 5 --conditions brecq+GP --seed 2
v2-W4A5-s2	--model yolov8s-worldv2.pt --w-bits 4 --a-bits 5 --conditions naive,brecq,brecq+GPM,brecq+PM --seed 2
m-W4A8-B-s3	--model yolov8m-world.pt --w-bits 4 --a-bits 8 --conditions naive,brecq --seed 3
m-W4A8-GP-s3	--model yolov8m-world.pt --w-bits 4 --a-bits 8 --conditions brecq+GP --seed 3
v2-W4A8-s3	--model yolov8s-worldv2.pt --w-bits 4 --a-bits 8 --conditions naive,brecq,brecq+GPM,brecq+PM --seed 3
m-W4A5-B-s3	--model yolov8m-world.pt --w-bits 4 --a-bits 5 --conditions naive,brecq --seed 3
m-W4A5-GP-s3	--model yolov8m-world.pt --w-bits 4 --a-bits 5 --conditions brecq+GP --seed 3
v2-W4A5-s3	--model yolov8s-worldv2.pt --w-bits 4 --a-bits 5 --conditions naive,brecq,brecq+GPM,brecq+PM --seed 3
m-W4A8-B-s4	--model yolov8m-world.pt --w-bits 4 --a-bits 8 --conditions naive,brecq --seed 4
m-W4A8-GP-s4	--model yolov8m-world.pt --w-bits 4 --a-bits 8 --conditions brecq+GP --seed 4
v2-W4A8-s4	--model yolov8s-worldv2.pt --w-bits 4 --a-bits 8 --conditions naive,brecq,brecq+GPM,brecq+PM --seed 4
m-W4A5-B-s4	--model yolov8m-world.pt --w-bits 4 --a-bits 5 --conditions naive,brecq --seed 4
m-W4A5-GP-s4	--model yolov8m-world.pt --w-bits 4 --a-bits 5 --conditions brecq+GP --seed 4
v2-W4A5-s4	--model yolov8s-worldv2.pt --w-bits 4 --a-bits 5 --conditions naive,brecq,brecq+GPM,brecq+PM --seed 4
m-W4A8-B-s5	--model yolov8m-world.pt --w-bits 4 --a-bits 8 --conditions naive,brecq --seed 5
m-W4A8-GP-s5	--model yolov8m-world.pt --w-bits 4 --a-bits 8 --conditions brecq+GP --seed 5
v2-W4A8-s5	--model yolov8s-worldv2.pt --w-bits 4 --a-bits 8 --conditions naive,brecq,brecq+GPM,brecq+PM --seed 5
m-W4A5-B-s5	--model yolov8m-world.pt --w-bits 4 --a-bits 5 --conditions naive,brecq --seed 5
m-W4A5-GP-s5	--model yolov8m-world.pt --w-bits 4 --a-bits 5 --conditions brecq+GP --seed 5
v2-W4A5-s5	--model yolov8s-worldv2.pt --w-bits 4 --a-bits 5 --conditions naive,brecq,brecq+GPM,brecq+PM --seed 5
v2-W8A8-s0	--model yolov8s-worldv2.pt --w-bits 8 --a-bits 8 --conditions naive,brecq,brecq+GPM --seed 0
m-W8A8-B-s0	--model yolov8m-world.pt --w-bits 8 --a-bits 8 --conditions naive,brecq --seed 0
m-W8A8-GP-s0	--model yolov8m-world.pt --w-bits 8 --a-bits 8 --conditions brecq+GP --seed 0
v2-W8A8-s1	--model yolov8s-worldv2.pt --w-bits 8 --a-bits 8 --conditions naive,brecq,brecq+GPM --seed 1
m-W8A8-B-s1	--model yolov8m-world.pt --w-bits 8 --a-bits 8 --conditions naive,brecq --seed 1
m-W8A8-GP-s1	--model yolov8m-world.pt --w-bits 8 --a-bits 8 --conditions brecq+GP --seed 1
v2-W8A8-s2	--model yolov8s-worldv2.pt --w-bits 8 --a-bits 8 --conditions naive,brecq,brecq+GPM --seed 2
m-W8A8-B-s2	--model yolov8m-world.pt --w-bits 8 --a-bits 8 --conditions naive,brecq --seed 2
m-W8A8-GP-s2	--model yolov8m-world.pt --w-bits 8 --a-bits 8 --conditions brecq+GP --seed 2
v2-W8A8-s3	--model yolov8s-worldv2.pt --w-bits 8 --a-bits 8 --conditions naive,brecq,brecq+GPM --seed 3
m-W8A8-B-s3	--model yolov8m-world.pt --w-bits 8 --a-bits 8 --conditions naive,brecq --seed 3
m-W8A8-GP-s3	--model yolov8m-world.pt --w-bits 8 --a-bits 8 --conditions brecq+GP --seed 3
v2-W8A8-s4	--model yolov8s-worldv2.pt --w-bits 8 --a-bits 8 --conditions naive,brecq,brecq+GPM --seed 4
m-W8A8-B-s4	--model yolov8m-world.pt --w-bits 8 --a-bits 8 --conditions naive,brecq --seed 4
m-W8A8-GP-s4	--model yolov8m-world.pt --w-bits 8 --a-bits 8 --conditions brecq+GP --seed 4
v2-W8A8-s5	--model yolov8s-worldv2.pt --w-bits 8 --a-bits 8 --conditions naive,brecq,brecq+GPM --seed 5
m-W8A8-B-s5	--model yolov8m-world.pt --w-bits 8 --a-bits 8 --conditions naive,brecq --seed 5
m-W8A8-GP-s5	--model yolov8m-world.pt --w-bits 8 --a-bits 8 --conditions brecq+GP --seed 5
